ISSN,Journal,Kind,Value,Year,Source,Note
0028-0836,Nature,impact-factor,64.8,2023,Journal Citation Reports,"multidisciplinary, flagship"
0028-0836,Nature,impact-factor,64.8,2023,Journal Citation Reports,"multidisciplinary, flagship"
0028-0836,Nature,jcr-quartile,Q1,2023,Journal Citation Reports,
2041-1723,Nature Communications,impact-factor,16.6,2023,Journal Citation Reports,
0028-0836,Nature,impact-factor,64.8,,Journal Citation Reports,
0028-0836,Nature,impact-factor,64.8,2023,,
0028-0836,Nature,impact-factor,,2023,Journal Citation Reports,
1234-567X,Nature,impact-factor,1.0,2023,Journal Citation Reports,
9999-9999,Test Journal,impact-factor
,,impact-factor,1.5,2023,Journal Citation Reports,
,Journal of Test Metrics,impact-factor,3.14,2024,Test Source,
