section,metric,value,threshold,n_cells_removed,min,q25,median,q75,max,step,cluster,n_cells,pct_cells,assigned_type,top_markers,bulk_majority,bulk_majority_fraction
overview,input_h5ad,/Users/totota/.purescience-project/runtime/envs/default-python/lib/python3.12/site-packages/scanpy/datasets/10x_pbmc68k_reduced.h5ad,,,,,,,,,,,,,,,
overview,n_cells,700,,,,,,,,,,,,,,,
overview,n_genes,765,,,,,,,,,,,,,,,
overview,scanpy_version,1.12.3,,,,,,,,,,,,,,,
overview,seed,42,,,,,,,,,,,,,,,
overview,X_dtype,float32,,,,,,,,,,,,,,,
overview,X_is_scaled,True,,,,,,,,,,,,,,,
overview,raw_present,True,,,,,,,,,,,,,,,
overview,obs_annotation_columns,bulk_labels,,,,,,,,,,,,,,,
overview,bulk_labels_categories,"CD4+/CD25 T Reg,CD4+/CD45RA+/CD25- Naive T,CD4+/CD45RO+ Memory,CD8+ Cytotoxic T,CD8+/CD45RA+ Naive Cytotoxic,CD14+ Monocyte,CD19+ B,CD34+,CD56+ NK,Dendritic",,,,,,,,,,,,,,,
filtering,n_cells_before,700,,,,,,,,,,,,,,,
filtering,n_cells_after,700,,,,,,,,,,,,,,,
filtering,n_cells_removed,0,,,,,,,,,,,,,,,
filtering,n_genes_before,765,,,,,,,,,,,,,,,
filtering,n_genes_after,765,,,,,,,,,,,,,,,
filtering,rules,min_genes>=200 & min_counts>=500 & mito%<=10.0,,,,,,,,,,,,,,,
filtering_sensitivity,,,min_genes=200,0.0,,,,,,,,,,,,,
filtering_sensitivity,,,min_counts=500,0.0,,,,,,,,,,,,,
filtering_sensitivity,,,min_genes=1000,0.0,,,,,,,,,,,,,
filtering_sensitivity,,,min_counts=1000,0.0,,,,,,,,,,,,,
filtering_sensitivity,,,min_counts=2000,0.0,,,,,,,,,,,,,
filtering_sensitivity,,,max_mito_pct=2.0,188.0,,,,,,,,,,,,,
filtering_sensitivity,,,max_mito_pct=5.0,0.0,,,,,,,,,,,,,
filtering_sensitivity,,,max_mito_pct=20.0,0.0,,,,,,,,,,,,,
qc_distribution,n_genes,,,,1001.0,1051.0,1129.5,1250.0,2605.0,,,,,,,,
qc_distribution,n_counts,,,,2141.0,2933.75,3333.5,3819.25,9497.0,,,,,,,,
qc_distribution,mito_pct,,,,0.4841713309288025,1.3700434565544128,1.6706379055976868,2.0341160893440247,4.004215240478516,,,,,,,,
pipeline_params,,200,,,,,,,,qc_min_genes,,,,,,,
pipeline_params,,500,,,,,,,,qc_min_counts,,,,,,,
pipeline_params,,10.0,,,,,,,,qc_max_mito_pct,,,,,,,
pipeline_params,,10000.0,,,,,,,,normalize_target_sum,,,,,,,
pipeline_params,,500,,,,,,,,hvg_n_top_genes,,,,,,,
pipeline_params,,seurat,,,,,,,,hvg_flavor,,,,,,,
pipeline_params,,10.0,,,,,,,,scale_max_value,,,,,,,
pipeline_params,,50,,,,,,,,pca_n_comps,,,,,,,
pipeline_params,,15,,,,,,,,n_neighbors,,,,,,,
pipeline_params,,30,,,,,,,,n_pcs,,,,,,,
pipeline_params,,0.5,,,,,,,,umap_min_dist,,,,,,,
pipeline_params,,1.0,,,,,,,,leiden_resolution,,,,,,,
pipeline_params,,leidenalg,,,,,,,,leiden_flavor,,,,,,,
pipeline_params,,2,,,,,,,,leiden_n_iterations,,,,,,,
pipeline_params,,20,,,,,,,,mixing_k,,,,,,,
pipeline_params,,X_pca,,,,,,,,harmony_basis,,,,,,,
pipeline_params,,X_pca_harmony,,,,,,,,harmony_adjusted_basis,,,,,,,
pipeline_params,,20,,,,,,,,harmony_max_iter,,,,,,,
pipeline_params,,(see marker_gene_sets / bulk_coarse_map sections),,,,,,,,marker_gene_sets,,,,,,,
pipeline_params,,(see marker_gene_sets / bulk_coarse_map sections),,,,,,,,bulk_coarse_map,,,,,,,
pipeline_params,,500,,,,,,,,n_hvg_selected,,,,,,,
batch,same_batch_neighbor_frac_pre_pca,0.5073,,,,,,,,,,,,,,,
batch,same_batch_neighbor_frac_post_pca,0.4711,,,,,,,,,,,,,,,
batch,same_batch_neighbor_frac_pre_umap,0.4999,,,,,,,,,,,,,,,
batch,same_batch_neighbor_frac_post_umap,0.4827,,,,,,,,,,,,,,,
batch,ari_batch_vs_leiden_pre,-0.0013,,,,,,,,,,,,,,,
batch,ari_batch_vs_leiden_post,-0.0015,,,,,,,,,,,,,,,
batch,harmony_n_iterations,not_exposed,,,,,,,,,,,,,,,
batch,harmony_adjusted_basis,X_pca_harmony,,,,,,,,,,,,,,,
annotation,bulk_coarse_map,CD14+ Monocyte->Monocyte;CD19+ B->B;CD34+->CD34+;CD4+/CD25 T Reg->CD4 T;CD4+/CD45RA+/CD25- Naive T->CD4 T;CD4+/CD45RO+ Memory->CD4 T;CD56+ NK->NK;CD8+ Cytotoxic T->CD8 T;CD8+/CD45RA+ Naive Cytotoxic->CD8 T;Dendritic->DC,,,,,,,,,,,,,,,
annotation,n_clusters,8,,,,,,,,,,,,,,,
annotation,agreement_fraction_pred_vs_bulk_coarse,0.7443,,,,,,,,,,,,,,,
annotation,ari_pred_vs_bulk_coarse,0.6312,,,,,,,,,,,,,,,
annotation,ari_leiden_vs_bulk_coarse,0.5309,,,,,,,,,,,,,,,
annotation,ari_my_leiden_vs_provider_louvain,0.7262,,,,,,,,,,,,,,,
clusters,,,,,,,,,,,0,179.0,25.57,Monocyte,"FTL, LST1, AIF1, FCGR3A, CTSS",CD14+ Monocyte,0.687
clusters,,,,,,,,,,,1,156.0,22.29,DC,"FCER1A, LYZ, HLA-DRB1, HLA-DQA1, HLA-DRA",Dendritic,0.968
clusters,,,,,,,,,,,2,141.0,20.14,CD4 T,"CD3D, LDHB, AES, NOSIP, CD3E",CD4+/CD25 T Reg,0.475
clusters,,,,,,,,,,,3,76.0,10.86,NK,"NKG7, CTSW, GNLY, GZMA, CST7",CD8+ Cytotoxic T,0.474
clusters,,,,,,,,,,,4,66.0,9.43,B,"CD79B, CD79A, MS4A1, LTB, CD37",CD19+ B,0.939
clusters,,,,,,,,,,,5,36.0,5.14,DC,"IRF8, CPVL, HLA-DPA1, CST3, CD74",Dendritic,1.0
clusters,,,,,,,,,,,6,33.0,4.71,B,"MZB1, PPIB, IGJ, TNFRSF17, SSR4",CD19+ B,0.909
clusters,,,,,,,,,,,7,13.0,1.86,NK,"HNRNPA1, NPM1, SNHG7, RPS24, SNHG8",CD34+,1.0
